<?xml version="1.0" encoding="UTF-8"?>
<!--L10n Portal Configuration-->
<configuration version="1.0.0">

    <!--
        CHECKME: set your superuser email and password
        default: admin@mail.com/admin
        -->
    <superusers>
        <user>
            <email>admin@yourcompany.com</email>
            <password>admin</password>
        </user>
    </superusers>

    <!--
        smtp server configuration
        default: disable, enable = false
        -->
    <smtp enable="false">
        <host></host>
        <port></port>
        <username></username>
        <password></password>
    </smtp>
    <!--
        Mail list is using if smtp enabled, set email for your company here
        noreply: email for notifications
        -->
    <mail-list>
        <item name="noreply">noreply@yourcompany.com</item>
    </mail-list>

    <!--
    Set your database source here.
    default:
    - url = jdbc:postgresql://localhost:5432/l10n-portal
    - username = l10n-portal
    - password = 1
    - driverClassName = org.postgresql.Driver
    -->
    <datasource>
        <url>jdbc:postgresql://localhost:5432/l10n-portal</url>
        <username>postgres</username>
        <password>1</password>
        <driverClassName>org.postgresql.Driver</driverClassName>
    </datasource>

</configuration>